team_ID,dWAR
ARI,0.10999999999999999
ATL,1.4100000000000001
BAL,0.5
BOS,1.8399999999999999
CHC,1.0299999999999998
CHW,0.09999999999999998
CIN,0.97
CLE,0.5700000000000001
COL,0.21
DET,0.84
KCR,-0.18
LAA,-0.45000000000000007
LAD,1.5799999999999998
MIA,1.3
MIL,0.56
MIN,1.0899999999999999
NYM,-0.15
NYY,0.91
OAK,0.88
PHI,-2.6
PIT,0.6
SDP,0.25
SEA,0.5900000000000001
SFG,-0.11
STL,1.08
TBR,0.8
TEX,0.66
TOR,4.64
WSN,0.47
